"SYMBOL","ENTREZID","GENENAME","logFC","AveExpr","t","P.Value","adj.P.Val","B","First.Trimester.Average","Second.Trimester.Average","STRING_id","on_graph"
"GPC6",10082,"glypican 6",-1.83225941873256,5.02462685090906,-7.37292931614899,1.94358258107511e-07,4.22716632047931e-05,7.32725051384017,5.77418752220875,3.94192810347619,"9606.ENSP00000366246",1
"TSPAN1",10103,"tetraspanin 1",-2.03844180516923,6.18008231020073,-4.18907397267037,0.000365701079064554,0.00551710317418238,0.0250114968123789,7.01399032140633,4.9755485162371,"9606.ENSP00000361072",1
"EBI3",10148,"Epstein-Barr virus induced 3",1.89397799614345,8.77618160210653,3.79434705870443,0.000965230268484777,0.010572540296075,-0.906844577178321,8.00137242186603,9.89535041800948,"9606.ENSP00000221847",1
"PDZK1IP1",10158,"PDZK1 interacting protein 1",-1.52167311546014,5.03946530238718,-3.09974875465695,0.00513929421444591,0.0325884512145384,-2.49283611572567,5.66196794052997,4.14029482506983,"9606.ENSP00000294338",1
"LPAR6",10161,"lysophosphatidic acid receptor 6",1.19473657743665,7.3711976920918,5.49087498745579,1.50262826896981e-05,0.000682617743443885,3.11584051102524,6.88244181950408,8.07717839694074,"9606.ENSP00000367691",1
"SLC25A15",10166,"solute carrier family 25 member 15",-1.18653619872706,5.77800350474941,-7.89658204013308,6.27812333487913e-08,1.92681171466082e-05,8.41393316736336,6.26340467695594,5.07686847822888,"9606.ENSP00000342267",0
"WFDC2",10406,"WAP four-disulfide core domain 2",-1.87164472348982,5.02414206800095,-4.15428783760165,0.000398458789362784,0.00585436804298722,-0.0575888794140971,5.78981490942861,3.91817018593878,"9606.ENSP00000361761",1
"IFI30",10437,"IFI30 lysosomal thiol reductase",1.0339212564058,9.85756437607363,3.31570199035228,0.00307823682276386,0.0232590696653554,-2.01020427085764,9.43459658936217,10.468517845768,"9606.ENSP00000384886",1
"GPNMB",10457,"glycoprotein nmb",1.57331803802868,9.91333881735112,5.20795587263726,2.98447725489619e-05,0.00108467956612463,2.44970713219568,9.26970871088484,10.8430267489135,"9606.ENSP00000371420",1
"AGR2",10551,"anterior gradient 2, protein disulphide isomerase family member",-1.81693477378517,5.8659938707045,-4.15682228602741,0.000395976462412873,0.00584065663463015,-0.0515731016415177,6.60928536907116,4.79235059528599,"9606.ENSP00000391490",1
"CXCL13",10563,"C-X-C motif chemokine ligand 13",-2.1834392317404,3.92142301568867,-4.40080164618827,0.000216863764990591,0.00395132800582227,0.528927547325934,4.8146481559461,2.6312089242057,"9606.ENSP00000286758",1
"PDPN",10630,"podoplanin",1.13218154633263,6.61212771120685,7.11204069499592,3.45954733667314e-07,5.9909306485756e-05,6.77105016356456,6.14896253316168,7.28114407949431,"9606.ENSP00000294489",1
"SCGB1D2",10647,"secretoglobin family 1D member 2",-1.99671957727734,4.0985925056193,-4.19443622009748,0.000360895936624351,0.00547099813378831,0.0377501659420183,4.9154323326873,2.91871275540997,"9606.ENSP00000244926",1
"TNFSF13B",10673,"TNF superfamily member 13b",1.36990669332877,5.80580701879152,6.0405455532351,4.04520901594288e-06,0.000283598546269961,4.38982982950944,5.24539064424793,6.6152973375767,"9606.ENSP00000365048",1
"PLAC1",10761,"placenta enriched 1",1.7870933529482,8.19037158583463,4.83055645415561,7.51854454894742e-05,0.00194550742153542,1.55367847825816,7.45928794144672,9.24638129439493,"9606.ENSP00000352173",1
"VAMP5",10791,"vesicle associated membrane protein 5",1.0366836446431,6.41387392904928,5.15817793596253,3.36958202562658e-05,0.00116619010461828,2.3319357678453,5.98977607442256,7.02645971906566,"9606.ENSP00000305647",1
"NPFFR2",10886,"neuropeptide FF receptor 2",1.36536954669786,5.21626021280366,5.05804834965289,4.30345504034169e-05,0.00136879595874981,2.09460561577843,4.65769994369999,6.02306949039786,"9606.ENSP00000307822",1
"LYVE1",10894,"lymphatic vessel endothelial hyaluronan receptor 1",1.84250684886823,8.3798106041462,4.28460088512751,0.000288908435324159,0.0047094305815903,0.252155213454791,7.62605780233647,9.4685646512047,"9606.ENSP00000256178",1
"LILRB5",10990,"leukocyte immunoglobulin like receptor B5",1.26673567414796,4.43130042780001,9.62784520255418,1.93773201515906e-09,3.92603883591376e-06,11.7210351826744,3.91309037928493,5.17982605343289,"9606.ENSP00000406478",1
"CHN1",1123,"chimerin 1",1.06825529610889,8.82168517000616,4.36053902532018,0.000239526100736051,0.00417286184609899,0.432982188096179,8.38467163977979,9.45292693588869,"9606.ENSP00000386741",1
"SLCO2B1",11309,"solute carrier organic anion transporter family member 2B1",1.03433203964464,5.44289541093357,7.88961689775857,6.37166896413184e-08,1.92681171466082e-05,8.39974251251393,5.01975957653349,6.05409161617813,"9606.ENSP00000289575",1
"VSIG4",11326,"V-set and immunoglobulin domain containing 4",1.02134542968015,8.36964605247419,3.30034673117823,0.00319334270215612,0.0237132763196405,-2.04489109636369,7.9518229221505,8.97316835183065,"9606.ENSP00000363869",1
"CARD16",114769,"caspase recruitment domain family member 16",1.18486537411963,7.10777277999077,5.68121229746908,9.50683764757328e-06,0.000497627484168918,3.5603371802593,6.62305512694183,7.80792050106145,"9606.ENSP00000364858",1
"TMEM200A",114801,"transmembrane protein 200A",-1.38697548964932,4.50328510795274,-4.25683410810537,0.000309400697993071,0.00493562939206659,0.186088914101494,5.07068417190019,3.68370868225087,"9606.ENSP00000376224",0
"OSR2",116039,"odd-skipped related transciption factor 2",-1.25310443864386,6.33855538119172,-3.13667613339701,0.00471088496934319,0.0308591142463182,-2.41114447793919,6.85118901518238,5.59808457653853,"9606.ENSP00000414657",1
"SLC16A10",117247,"solute carrier family 16 member 10",1.56719418584913,6.55673348711662,7.05306811413884,3.94605448844278e-07,6.40116420176393e-05,6.64398512328351,5.91560859290561,7.48280277875474,"9606.ENSP00000357844",0
"CLU",1191,"clusterin",-1.4400596120172,6.71800600686797,-3.95188632754521,0.000655858776498578,0.00807802715540286,-0.536571119245997,7.30712130269319,5.86706169067598,"9606.ENSP00000315130",1
"TMEM45B",120224,"transmembrane protein 45B",-1.47271509140887,4.68458397280612,-4.66057476536042,0.000114249315064968,0.00255215586828149,1.14848578847407,5.28705832838247,3.81434323697361,"9606.ENSP00000281441",1
"ERP27",121506,"endoplasmic reticulum protein 27",-1.35008759426657,5.60894228817078,-4.70513811635035,0.000102369422393786,0.00239159333239483,1.25476266930554,6.16125084946165,4.81116325519508,"9606.ENSP00000266397",1
"CCR7",1236,"C-C motif chemokine receptor 7",-1.2673055643667,5.47979754026254,-4.79504048361028,8.20470791189152e-05,0.0020573711262727,1.46906746959883,5.99824072568528,4.73093516131858,"9606.ENSP00000246657",1
"COL2A1",1280,"collagen type II alpha 1 chain",-1.39480674631289,4.06038239918894,-3.30310947223981,0.00317232852791147,0.0236825896477577,-2.03865408168727,4.63098515904422,3.23617841273132,"9606.ENSP00000369889",1
"COL9A3",1299,"collagen type IX alpha 3 chain",-1.36692771502365,5.481606841048,-4.26056724610661,0.000306563379213606,0.00491787856393259,0.194969408661701,6.04080454264858,4.67387682762494,"9606.ENSP00000341640",1
"COMP",1311,"cartilage oligomeric matrix protein",-1.75509147555007,4.57910326759101,-4.69958177434219,0.000103780112831758,0.00240693088585744,1.24151301712504,5.29709523486149,3.54200375931142,"9606.ENSP00000222271",1
"FAM241A",132720,"family with sequence similarity 241 member A",1.10886807389846,6.38158303099689,5.47965775835356,1.54387777111387e-05,0.000692046626560579,3.08954627852062,5.92795518258388,7.03682325648234,"9606.ENSP00000310182",0
"ADM",133,"adrenomedullin",1.25642719062119,10.0246349465648,3.40416647788178,0.00248967499079726,0.0201450898516547,-1.80937594398738,9.51064200494702,10.7670691955682,"9606.ENSP00000436607",1
"CP",1356,"ceruloplasmin",-2.03119494505463,4.9401524664279,-3.33874795172303,0.0029130165245741,0.0223987202293722,-1.95804676433567,5.77109585304116,3.73990090798653,"9606.ENSP00000264613",1
"CPE",1363,"carboxypeptidase E",-1.49060263768075,3.92220275910453,-4.06990284717024,0.00049056902634866,0.006649716461165,-0.257654377130168,4.53199474724665,3.04139210956591,"9606.ENSP00000386104",1
"CLDN3",1365,"claudin 3",-1.70871378968488,4.85495952904464,-5.22074208393415,2.89295546009307e-05,0.00106765338027223,2.47993375726899,5.55397880664301,3.84526501695812,"9606.ENSP00000378577",1
"ADHFE1",137872,"alcohol dehydrogenase iron containing 1",1.02010127516663,7.2124706393854,3.97953294326821,0.000612763752063727,0.00772570403270889,-0.471336514526114,6.79515648136269,7.81525775652932,"9606.ENSP00000379865",1
"ARHGAP42",143872,"Rho GTPase activating protein 42",1.50285790687397,5.30254691790909,9.09022612312561,5.47410070153346e-09,6.16170857298719e-06,10.7405539230927,4.68774141055156,6.19059931742553,"9606.ENSP00000298815",1
"CSF2RB",1439,"colony stimulating factor 2 receptor beta common subunit",1.43729765690134,8.62598573488513,4.09459465101821,0.000461618393170093,0.00638855892351042,-0.199162283695114,8.03800032978912,9.47529798669046,"9606.ENSP00000384053",1
"CSH1",1442,"chorionic somatomammotropin hormone 1",1.63719645585961,12.3995356780147,3.07499710198604,0.00544721616472347,0.0338131270568205,-2.54738377037352,11.7297734915267,13.3669699473863,"9606.ENSP00000316416",1
"CSHL1",1444,"chorionic somatomammotropin hormone like 1",2.25069525606447,10.477144195175,3.68996757497565,0.00124561360517064,0.0125866613430739,-1.15056994165789,9.55640522678501,11.8071004828495,"9606.ENSP00000309524",1
"GLT1D1",144423,"glycosyltransferase 1 domain containing 1",-1.4201792178917,5.1357980622673,-4.62236126536204,0.000125534289860653,0.0027202676437077,1.05733677464231,5.71678046958664,4.29660125169493,"9606.ENSP00000281703",1
"C2CD4A",145741,"C2 calcium dependent domain containing 4A",-2.63188511578046,4.53219120705782,-4.06312218103803,0.00049883033665917,0.00673241372432686,-0.27370941318468,5.60887148169528,2.97698636591483,"9606.ENSP00000347712",0
"TMC4",147798,"transmembrane channel like 4",-1.05008354830559,6.49326669755511,-3.65768108576062,0.00134758381507923,0.0132605127136087,-1.22565871277803,6.92284633095285,5.87276278264727,"9606.ENSP00000477627",0
"ADRB1",153,"adrenoceptor beta 1",1.00170882794178,6.77658767951883,4.12539844005128,0.000427872587867152,0.00610932100266128,-0.126133604725162,6.36679770445174,7.36850653239351,"9606.ENSP00000358301",1
"CYBB",1536,"cytochrome b-245 beta chain",1.46563606580905,6.0559683161847,5.61879542115737,1.10426214549228e-05,0.000543045032277162,3.4149337936719,5.45638992562645,6.92202599143551,"9606.ENSP00000367851",1
"ADRB2",154,"adrenoceptor beta 2",1.23075652860917,4.5441014349156,5.84327758145523,6.4557302665823e-06,0.000387239458049968,3.93611595325244,4.0406101277573,5.27136665636647,"9606.ENSP00000305372",1
"CYP2C9",1559,"cytochrome P450 family 2 subfamily C member 9",-1.40854809030556,4.48906139811673,-4.58625475239131,0.000137224037117693,0.00289041081726669,0.97120646115569,5.06528561687809,3.65673752657254,"9606.ENSP00000260682",1
"GADD45A",1647,"growth arrest and DNA damage inducible alpha",-1.37764931191939,7.98881171202684,-4.13276240369789,0.000420175828426622,0.00603771805656156,-0.1086662827328,8.55239552144841,7.17474620952903,"9606.ENSP00000360025",1
"DEFB1",1672,"defensin beta 1",-3.23140562534103,6.31972362429263,-4.99433092286312,5.02995971257171e-05,0.00148985570513567,1.94331363257068,7.64166228920487,4.41025666386384,"9606.ENSP00000297439",1
"TMEM252",169693,"transmembrane protein 252",-1.20312563945264,4.16718813333688,-3.90561273770568,0.0007348091301495,0.0087268275415938,-0.645598461322863,4.65937589493114,3.4562502554785,"9606.ENSP00000366528",0
"GLIS3",169792,"GLIS family zinc finger 3",-1.1512931932543,4.41422296453471,-4.38300418686161,0.000226604094777166,0.00404513265575344,0.486511303025265,4.88520654359329,3.73391335033899,"9606.ENSP00000371398",1
"ADAMTS18",170692,"ADAM metallopeptidase with thrombospondin type 1 motif 18",1.08805675800534,6.35692964505771,5.75189840650417,8.02752388051396e-06,0.000449677978268329,3.72455666531512,5.9118155167828,6.99987227478813,"9606.ENSP00000282849",1
"AFP",174,"alpha fetoprotein",-2.38069272599257,5.24610591330748,-3.51192819280957,0.00191970702790651,0.0168954713432405,-1.56262763329357,6.2200256648499,3.83933293885733,"9606.ENSP00000379138",1
"ACAN",176,"aggrecan",-1.04279774868376,5.20226359858027,-4.43186540900463,0.000200855770377426,0.00376112639890667,0.602977974574066,5.62886267758726,4.5860649289035,"9606.ENSP00000387356",1
"DNASE1L3",1776,"deoxyribonuclease 1 like 3",1.11183817837964,4.7523041289378,4.52071752152335,0.000161304439219148,0.00321613883113645,0.814871871454693,4.29746123778249,5.40929941616213,"9606.ENSP00000378053",1
"DPT",1805,"dermatopontin",1.4966084522831,5.56876249044872,6.53684062247087,1.27254685590738e-06,0.000134398385512503,5.51127572481399,4.95651357815109,6.45312203043419,"9606.ENSP00000356791",1
"ECM2",1842,"extracellular matrix protein 2",-1.22666090352735,4.87416403841713,-3.24220733022871,0.00366826277603039,0.0259922445524561,-2.17573723737909,5.37597986258741,4.14931895906006,"9606.ENSP00000344758",1
"AGTR1",185,"angiotensin II receptor type 1",1.30804742579285,8.66323529482296,3.63101089374857,0.00143797222739669,0.0138808100018768,-1.28757029643234,8.12812498427134,9.43617241006419,"9606.ENSP00000419422",1
"APLNR",187,"apelin receptor",1.23248960426409,7.45248946704488,5.16212134303711,3.33731965586953e-05,0.00115981875724824,2.34127105419034,6.94828917439139,8.18077877865548,"9606.ENSP00000475344",1
"GPR183",1880,"G protein-coupled receptor 183",1.54313533689854,6.3272567329451,7.8186332290589,7.41098899504373e-08,2.11484574688142e-05,8.25471497662911,5.69597409512297,7.23910943202151,"9606.ENSP00000365596",1
"CYS1",192668,"cystin 1",-1.87416592066867,4.22789162767485,-3.74994622042089,0.00107594820923185,0.0114184732417924,-1.01069327997948,4.9945958679484,3.12042994727972,"9606.ENSP00000371234",1
"AHR",196,"aryl hydrocarbon receptor",1.12117347903702,8.33288287176232,4.39700668302476,0.000218904947118971,0.00397440323183964,0.519882471142865,7.87422099397445,8.99539447301147,"9606.ENSP00000242057",1
"METTL7B",196410,"methyltransferase like 7B",1.32305238345312,5.95838879179277,7.5400336844604,1.34978332384916e-07,3.50614870827022e-05,7.67836788326902,5.41714008947104,6.74019247292415,"9606.ENSP00000377796",1
"MUC20",200958,"mucin 20, cell surface associated",-1.57879545397857,5.0514517854526,-3.55216669945043,0.00174145158120381,0.0158222199492244,-1.46994826519209,5.69732265298929,4.11852719901072,"9606.ENSP00000414350",1
"EMX2",2018,"empty spiracles homeobox 2",-1.88807074523025,4.04725105324353,-4.42903830553312,0.000202262373971581,0.00378396856790232,0.596237859895719,4.81964363083772,2.93157288560747,"9606.ENSP00000450962",1
"AK4",205,"adenylate kinase 4",-1.1910386235325,4.85309918594649,-5.91995732454469,5.38048462909369e-06,0.000343892741545954,4.11297754603511,5.34034225920979,4.14930363567729,"9606.ENSP00000378743",1
"LVRN",206338,"laeverin",1.24657778517065,6.80413414926668,3.1885005240673,0.00416735598670072,0.028286365040718,-2.29589093563541,6.29417050987869,7.54074829504934,"9606.ENSP00000350541",1
"F13A1",2162,"coagulation factor XIII A chain",1.2874670591323,9.7411990123628,2.98900842566625,0.00666093160109703,0.0389486681586802,-2.7355245078984,9.21450794271776,10.5019750018501,"9606.ENSP00000264870",1
"MPEG1",219972,"macrophage expressed 1",1.29485362010892,6.23601567529697,6.88055143755736,5.81376270028279e-07,8.27241266675748e-05,6.26948441868035,5.70630283070695,7.00115645081588,"9606.ENSP00000354335",1
"ALDH1A3",220,"aldehyde dehydrogenase 1 family member A3",-1.24556760775143,7.18067651537785,-2.93293138170421,0.00758794709819556,0.0425281870419199,-2.8570229389673,7.69022690036707,6.44465929261564,"9606.ENSP00000332256",1
"FAM171A1",221061,"family with sequence similarity 171 member A1",-1.44913795094119,6.51758812418693,-6.63427102451439,1.01760521931027e-06,0.000115182677924276,5.72780069931814,7.1104172859356,5.66127933499441,"9606.ENSP00000367356",0
"FCGR2B",2213,"Fc fragment of IgG receptor IIb",2.96576542674796,7.18968092519492,8.24271203082248,3.03507589226852e-08,1.3975834693921e-05,9.11013380516671,5.97641325061621,8.94217867736417,"9606.ENSP00000351497",1
"FAM162B",221303,"family with sequence similarity 162 member B",1.56742528410939,7.49007403223552,7.23803356829969,2.61575490157755e-07,5.04741048198692e-05,7.04087278776513,6.84885459782713,8.41627988193652,"9606.ENSP00000357545",1
"FGF13",2258,"fibroblast growth factor 13",1.23772427776966,6.3448860981705,5.33660617768515,2.18277830207661e-05,0.00086716217996812,2.75334100116629,5.83854434817382,7.07626862594347,"9606.ENSP00000322390",1
"CD93",22918,"CD93 molecule",1.02181785807016,8.52998572561816,5.26580700673346,2.59244063195882e-05,0.000989179654314834,2.58638300437174,8.11196932913492,9.13378718720507,"9606.ENSP00000246006",1
"FOXF2",2295,"forkhead box F2",1.02618191404672,5.41340084101492,5.0425502957055,4.46977717802898e-05,0.00140189095052702,2.05782454956013,4.9935991489049,6.01978106295162,"9606.ENSP00000259806",1
"GOLGA8A",23015,"golgin A8 family member A",-1.24576905060535,7.35453610134466,-3.74953031328324,0.00107704238718594,0.0114191291505883,-1.01166486566693,7.86416889477413,6.61839984416877,"9606.ENSP00000352111",0
"FOLR2",2350,"folate receptor beta",1.01745888068293,7.54404661635384,4.89064515484328,6.48660185227383e-05,0.00178207615780901,1.6967465589151,7.12781343789264,8.14527231857557,"9606.ENSP00000298223",1
"FPR1",2357,"formyl peptide receptor 1",1.43475653677051,6.66641031189482,6.20840102535115,2.7268951090757e-06,0.000216665183548952,4.77245821367643,6.07946445594324,7.51422099271376,"9606.ENSP00000471493",1
"LDOC1",23641,"LDOC1 regulator of NFKB signaling",-1.33503229695326,5.71005960260024,-8.43809479455846,2.02789815717569e-08,1.0535190913471e-05,9.49533176345315,6.25620917862657,4.92117688167331,"9606.ENSP00000359557",0
"FLRT2",23768,"fibronectin leucine rich transmembrane protein 2",-1.41971334855617,6.16582368665041,-5.85551189315175,6.27051458218483e-06,0.000381522210059,3.96437577345477,6.74661551105976,5.32690216250358,"9606.ENSP00000332879",1
"ABCA4",24,"ATP binding cassette subfamily A member 4",-1.97201879142277,4.95007251698388,-4.43601231433632,0.000198810205049588,0.0037401054452272,0.612864907091577,5.75680747711138,3.78478868568861,"9606.ENSP00000359245",1
"ALOX5AP",241,"arachidonate 5-lipoxygenase activating protein",1.04536017875049,6.92705735626625,2.83063021347238,0.0096055396316244,0.0498253554726938,-3.07606220933686,6.49941001041378,7.54477018916427,"9606.ENSP00000479870",1
"ALPP",250,"alkaline phosphatase, placental",1.5299036087358,4.24930795679079,4.453275837363,0.00019051626567392,0.00363127945326367,0.654027357745579,3.6234382986716,5.1533419074074,"9606.ENSP00000375881",0
"GAST",2520,"gastrin",-1.30059925325466,4.85352967752686,-4.37536141276579,0.000230920054952089,0.00408261015129518,0.468298885446353,5.38559300840376,4.0849937551491,"9606.ENSP00000331358",1
"WASHC2C",253725,"WASH complex subunit 2C",1.14154019736194,7.42704696319795,2.94416600655471,0.00739285547079562,0.0417698395688204,-2.8327601934835,6.96005324609534,8.10159344345728,"9606.ENSP00000363482",0
"MAMDC2",256691,"MAM domain containing 2",-1.2286160720977,6.57604546014681,-2.96397941947126,0.00706043120275574,0.0405324597114092,-2.78987372110947,7.07866112600496,5.85004505390727,"9606.ENSP00000366387",0
"KANK3",256949,"KN motif and ankyrin repeat domains 3",1.22722394214445,5.3461509659659,8.90767670437793,7.85404169755787e-09,6.3652295533688e-06,10.3982188460356,4.84410480781589,6.07132874996034,"9606.ENSP00000328923",1
"FRMD3",257019,"FERM domain containing 3",1.21701492785248,4.84386177840667,6.41257354826023,1.69530331661025e-06,0.000158921392126656,5.23332812882979,4.3459920351943,5.56300696304677,"9606.ENSP00000303508",1
"ABI3BP",25890,"ABI family member 3 binding protein",1.21715052564029,7.75030527946496,3.34624570754946,0.00286114871127981,0.0221409372545082,-1.94105299695787,7.2523800644303,8.46953059007059,"9606.ENSP00000284322",1
"NECTIN3",25945,"nectin cell adhesion molecule 3",1.47835720229222,6.24915640959156,4.10659436211925,0.000448168835319955,0.00628833017480444,-0.170721168546533,5.64437391774474,7.12273112003696,"9606.ENSP00000418070",1
"AOC1",26,"amine oxidase copper containing 1",1.64837304525621,8.01867532925571,3.80199929454725,0.000947319142689573,0.0104426730957745,-0.888922374462481,7.34434090165089,8.99271394690711,"9606.ENSP00000411613",1
"MOXD1",26002,"monooxygenase DBH like 1",-1.29086046447649,4.52881217962292,-4.24678935035843,0.000317165831743157,0.00501958107045442,0.162197170429067,5.05689146054512,3.76603099606863,"9606.ENSP00000356940",1
"GIMAP2",26157,"GTPase, IMAP family member 2",1.2245046873391,5.42600118810386,4.41320347974721,0.000210325096704585,0.00387752209675304,0.558488864759695,4.92506745237423,6.14957213971333,"9606.ENSP00000223293",1
"GATM",2628,"glycine amidinotransferase",1.07945373405996,7.79282155473174,5.58443029801409,1.19935437015076e-05,0.000585545033581314,3.33472559173944,7.35122684534357,8.43068057940353,"9606.ENSP00000379895",1
"GEM",2669,"GTP binding protein overexpressed in skeletal muscle",-1.22208652412734,5.56882725274455,-3.78357412825883,0.00099101371141706,0.0107488912243153,-0.932063739800557,6.06877173988755,4.84668521576021,"9606.ENSP00000297596",1
"GH1",2688,"growth hormone 1",1.94194126134601,10.3127984714046,3.70717483302393,0.00119441057474301,0.0122593478494773,-1.11049065932222,9.51836795539943,11.4603092167454,"9606.ENSP00000312673",1
"GPR160",26996,"G protein-coupled receptor 160",-1.64481632999926,5.61196470936194,-4.13337379851267,0.000419543032180744,0.00603490330224329,-0.107215901983742,6.28484411708891,4.64002778708965,"9606.ENSP00000348161",0
"GJA4",2701,"gap junction protein alpha 4",1.23103958304854,6.00941230788587,5.35443811105435,2.09036550379693e-05,0.00084705790944859,2.79533571422074,5.50580520572965,6.73684478877819,"9606.ENSP00000343676",1
"GPC3",2719,"glypican 3",1.01745931401743,9.9110537015805,3.48226289150227,0.00206244578157305,0.0177289834452488,-1.63077108137606,9.4948203458461,10.5122796598635,"9606.ENSP00000377836",1
"HPGDS",27306,"hematopoietic prostaglandin D synthase",1.13472704790182,7.34131315835667,3.13163059896807,0.00476731915547991,0.0310773696142392,-2.42232792036792,6.87710663876047,8.01183368666229,"9606.ENSP00000295256",1
"GNG11",2791,"G protein subunit gamma 11",1.33209144857015,8.88564802007121,10.1199512987507,7.72858076368209e-10,2.98408099489052e-06,12.5830131522404,8.34070151838342,9.67279296695357,"9606.ENSP00000248564",1
"SFN",2810,"stratifin",-1.78984163057579,7.5997564553534,-6.63545292474633,1.01485651980189e-06,0.000115182677924276,5.73041964882825,8.33196439513441,6.54212276455862,"9606.ENSP00000340989",1
"SLCO4A1",28231,"solute carrier organic anion transporter family member 4A1",-1.38097091008368,6.39217098668052,-4.77305761996,8.66066086668715e-05,0.00213183198866069,1.41668110092616,6.95711363171475,5.57614272163107,"9606.ENSP00000217159",0
"GPR34",2857,"G protein-coupled receptor 34",1.54950992781943,7.29163070254682,3.26864207775971,0.0034443898964412,0.0249222291885632,-2.11634157965411,6.65774027752978,8.20725020534921,"9606.ENSP00000367384",1
"GPX3",2878,"glutathione peroxidase 3",-1.72810462026015,10.7796590527367,-4.51177410790753,0.000164903808361973,0.0032680471657945,0.793539602733394,11.4866109428431,9.758506322583,"9606.ENSP00000373477",1
"GRB14",2888,"growth factor receptor bound protein 14",1.50044356224447,3.97695024617922,10.3024960006411,5.53653771655618e-10,2.98408099489052e-06,12.8943461146495,3.36313242526102,4.8635759875055,"9606.ENSP00000263915",1
"TMEM176B",28959,"transmembrane protein 176B",1.73055799922326,6.37490927512036,6.38890309828422,1.79088795431446e-06,0.000160460294916136,5.18016204676765,5.66695372998358,7.39751172920684,"9606.ENSP00000410269",1
"CXCL1",2919,"C-X-C motif chemokine ligand 1",1.53466143325339,4.25085942427939,3.73085036701485,0.00112733361370192,0.0117736630655746,-1.05527919406345,3.62304338340301,5.15770481665639,"9606.ENSP00000379110",1
"CXCL2",2920,"C-X-C motif chemokine ligand 2",1.37010456393623,3.81610622238415,3.72830518802017,0.00113436265616047,0.011834872181497,-1.06121817668165,3.25560890077388,4.62571346471011,"9606.ENSP00000427279",1
"GUCY1B1",2983,"guanylate cyclase 1 soluble subunit beta 1",1.06035452929563,6.84224485168377,5.95512445726183,4.95021011342898e-06,0.000324583194524869,4.19388068543091,6.40846345333556,7.46881798263119,"9606.ENSP00000264424",1
"HBB",3043,"hemoglobin subunit beta",1.06122590183907,11.1761701256451,2.98902755551371,0.00666063471481754,0.0389486681586802,-2.73548289528996,10.7420322567109,11.80325815855,"9606.ENSP00000333994",1
"HBE1",3046,"hemoglobin subunit epsilon 1",-2.08954913801352,9.2282965788585,-2.87197880376158,0.00873512729346964,0.0467465436061776,-2.98794918322921,10.0831121353186,7.99356299730506,"9606.ENSP00000369586",1
"HCK",3055,"HCK proto-oncogene, Src family tyrosine kinase",1.22903570642088,5.88709580228268,7.06166764771365,3.87095333433078e-07,6.40116420176393e-05,6.66254452202292,5.38430846783778,6.61334417425866,"9606.ENSP00000444986",1
"HGD",3081,"homogentisate 1,2-dioxygenase",-1.17969495893171,4.3131814052845,-4.00563128340333,0.000574663605676341,0.00737538082038827,-0.409693944191508,4.79578388848384,3.61608892955212,"9606.ENSP00000283871",1
"HHEX",3087,"hematopoietically expressed homeobox",1.09231338321393,5.38761831306638,7.15104763556703,3.17198106384304e-07,5.78986561572288e-05,6.85482687882864,4.94076283811523,6.03307622132916,"9606.ENSP00000282728",1
"HLA-DQA1",3117,"major histocompatibility complex, class II, DQ alpha 1",-1.25296559771877,4.56858880014873,-3.86448992071638,0.000812825388846778,0.00934656935495151,-0.74231039314495,5.08116563557914,3.82820003786037,"9606.ENSP00000339398",1
"EIF4E3",317649,"eukaryotic translation initiation factor 4E family member 3",-1.00862300722937,4.92727458461742,-3.24295105492013,0.00366177556851322,0.0259682305893057,-2.17406844042843,5.33989308757488,4.33127008034552,"9606.ENSP00000393324",0
"HOXD10",3236,"homeobox D10",-1.0746395527998,4.00804217011195,-4.93997369801267,5.74696701829074e-05,0.00162397906217,1.81410363780646,4.44766744171187,3.37302788891207,"9606.ENSP00000249501",1
"HSD3B2",3284,"hydroxy-delta-5-steroid dehydrogenase, 3 beta- and steroid delta-isomerase 2",2.0619921265976,5.23425454976402,9.42250716262442,2.86872457944513e-09,4.93618687516776e-06,11.3513938495119,4.39071231615591,6.45270444275351,"9606.ENSP00000445122",1
"HSD11B1",3290,"hydroxysteroid 11-beta dehydrogenase 1",2.65558471170328,6.23247537730895,9.31205182625433,3.55056554325935e-09,4.93618687516776e-06,11.1500900396376,5.14609981343033,7.80168452513362,"9606.ENSP00000355995",1
"HSD17B1",3292,"hydroxysteroid 17-beta dehydrogenase 1",1.38102223666045,9.32075081175648,3.41547729675728,0.00242283348017803,0.0197356569560522,-1.78358179602538,8.75578716948629,10.1368094061467,"9606.ENSP00000466799",1
"HSD17B2",3294,"hydroxysteroid 17-beta dehydrogenase 2",1.76926873650901,8.96700480777202,8.62566161794509,1.38354005145187e-08,7.79582506151343e-06,9.85984271335326,8.24321305192742,10.0124817884364,"9606.ENSP00000199936",1
"IGFBP6",3489,"insulin like growth factor binding protein 6",-1.46473914790965,7.02718119606067,-3.9746884917652,0.000620106858860374,0.00776993510659866,-0.482772342758865,7.62639266566008,6.16165351775042,"9606.ENSP00000301464",1
"IL6",3569,"interleukin 6",1.68614070782365,5.04227995727148,4.49496064470585,0.000171889930097274,0.00336489069922789,0.753437193371163,4.35249512225272,6.03863583007636,"9606.ENSP00000385675",1
"CXCL8",3576,"C-X-C motif chemokine ligand 8",1.73694519993136,4.34440128289751,3.62611750696882,0.00145519169191041,0.014004953400693,-1.29891803222527,3.6338327920165,5.37077799194787,"9606.ENSP00000306512",1
"AQP1",358,"aquaporin 1 (Colton blood group)",-1.11821897201127,6.83566027308949,-6.879265184618,5.83066839673855e-07,8.27241266675748e-05,6.26667674313642,7.29311348891228,6.17489451690102,"9606.ENSP00000311165",1
"IL12RB2",3595,"interleukin 12 receptor subunit beta 2",1.25104533183541,3.88032934493382,6.02998828916471,4.14723811547573e-06,0.000287764354307034,4.36565629637462,3.36853807281933,4.61958340465474,"9606.ENSP00000262345",1
"ISL1",3670,"ISL LIM homeobox 1",1.35332358069768,6.79208495112593,4.08141577235399,0.000476852399106391,0.00653245872771778,-0.230386883649693,6.23845257720415,7.59177615790183,"9606.ENSP00000230658",1
"ISLR",3671,"immunoglobulin superfamily containing leucine rich repeat",-1.20362604450056,5.82754968453947,-3.08168058615798,0.00536236263828761,0.0334578413059395,-2.53267149603538,6.3199421572897,5.11631611278913,"9606.ENSP00000249842",1
"AREG",374,"amphiregulin",1.57609597106439,8.36061243979679,3.72740560572117,0.00113685735623887,0.0118426050872781,-1.06331707780851,7.71584590617953,9.29194187724393,"9606.ENSP00000379097",1
"LHFPL3",375612,"LHFPL tetraspan subfamily member 3",-1.51330893946527,3.72856431475684,-3.67429508331642,0.00129412643114583,0.0129036887900815,-1.18703822094074,4.34764524453809,2.83433630507282,"9606.ENSP00000393128",1
"KCNJ2",3759,"potassium inwardly rectifying channel subfamily J member 2",1.18282986121283,6.20182723331994,5.10816320994909,3.80722293779407e-05,0.00125837102679683,2.21345764692584,5.71794229009651,6.90077215130934,"9606.ENSP00000243457",1
"C12ORF75",387882,"chromosome 12 open reading frame 75",-1.64589693138275,7.08229252442822,-5.73530950939895,8.35220199945788e-06,0.000461100721283422,3.68606064413401,7.75561399635753,6.10971706497478,"9606.ENSP00000448536",0
"SFTA2",389376,"surfactant associated 2",-1.57550604656178,3.57803654945511,-3.81986435395227,0.000906771082389478,0.0101112211889341,-0.847053856244762,4.22256175032129,2.64705570375951,"9606.ENSP00000351989",0
"LAIR1",3903,"leukocyte associated immunoglobulin like receptor 1",1.33593878490593,6.02854824430723,8.02125301317372,4.82317416161478e-08,1.79832201791915e-05,8.66672799707889,5.48202783230026,6.81796661720619,"9606.ENSP00000375622",1
"LAMB3",3914,"laminin subunit beta 3",-1.49291630937412,5.13700822350953,-3.0815856502913,0.00536355898335183,0.0334578413059395,-2.53288056462027,5.74774671370803,4.25483040433391,"9606.ENSP00000375778",1
"LCN2",3934,"lipocalin 2",-1.98904315905295,5.28596562480102,-3.95058352591997,0.000657962071912903,0.00809546433146448,-0.53964348693216,6.09966509895905,4.1106219399061,"9606.ENSP00000362108",1
"LEP",3952,"leptin",-2.68300607430814,8.55131204095809,-4.66454274212705,0.000113137548426521,0.00253011023031981,1.1579497389759,9.64890543499324,6.96589936068509,"9606.ENSP00000312652",1
"LOX",4015,"lysyl oxidase",-1.37015984929135,5.55130657150948,-2.93134200076127,0.00761594144166053,0.0426496930761426,-2.8604521981596,6.11182650985594,4.74166666056459,"9606.ENSP00000231004",1
"LPL",4023,"lipoprotein lipase",1.2694189473177,5.7421193668107,6.95858029866856,4.87675528165367e-07,7.48544990618068e-05,6.43938190413021,5.22281161563528,6.49223056295298,"9606.ENSP00000309757",1
"EPCAM",4072,"epithelial cell adhesion molecule",-3.07752685160257,5.67452528962426,-4.96818328673821,5.36284427439158e-05,0.00154561291384705,1.88117473208018,6.93351354709804,3.85598669549547,"9606.ENSP00000263735",1
"MAGEA4",4103,"MAGE family member A4",1.37818910137206,3.64127864327876,4.94175549992469,5.72190340804175e-05,0.00161915481774209,1.81834099316373,3.07747401089928,4.45566311227134,"9606.ENSP00000353379",1
"MAGEA10",4109,"MAGE family member A10",1.05896674315915,5.12410193972953,5.70539548244089,8.9718461342104e-06,0.000484722349743977,3.6165744788223,4.69088827207351,5.74985501523267,"9606.ENSP00000244096",1
"MEOX2",4223,"mesenchyme homeobox 2",1.80672923465564,6.09043774127,4.82882098543399,7.55068985234568e-05,0.0019488474789602,1.54954479625661,5.3513212361836,7.15805047083925,"9606.ENSP00000262041",1
"SCGB2A1",4246,"secretoglobin family 2A member 1",-3.19680194505522,4.56448205460443,-4.86183181179597,6.96230350171151e-05,0.00186345087514104,1.62815760371056,5.87226466849066,2.67546272343544,"9606.ENSP00000244930",1
"MNDA",4332,"myeloid cell nuclear differentiation antigen",1.38644338096775,5.44623898384759,5.22451363993586,2.86650561017175e-05,0.00105982244831551,2.48884773657533,4.87905760072442,6.26550098169217,"9606.ENSP00000357123",1
"CD200",4345,"CD200 molecule",1.13212628405016,6.50719730568629,4.56249486531818,0.00014550648308339,0.00300980112197654,0.914527478289038,6.0440547349385,7.17618101898866,"9606.ENSP00000420298",1
"MRC1",4360,"mannose receptor C-type 1",1.17001214860838,8.14445252636048,3.454565717009,0.00220505614300445,0.0185534229706865,-1.69424766392125,7.66581119283887,8.83582334144725,"9606.ENSP00000455897",1
"MAP1LC3C",440738,"microtubule associated protein 1 light chain 3 gamma",1.27647565824555,4.87138084714268,10.1042660136302,7.95476412407272e-10,2.98408099489052e-06,12.5560514667562,4.3491862596786,5.62566191792414,"9606.ENSP00000349785",1
"MT1F",4494,"metallothionein 1F",-1.95160532377812,7.49422881443887,-6.2602792172603,2.41555590365276e-06,0.000198949504731335,4.8900436144317,8.29261281052992,6.3410074867518,"9606.ENSP00000334872",1
"MT1G",4495,"metallothionein 1G",-2.59768134562948,8.41833401599462,-6.02373777670301,4.20887831125602e-06,0.000290045200473128,4.35133826455984,9.48102183920668,6.8833404935772,"9606.ENSP00000391397",1
"MT1M",4499,"metallothionein 1M",-1.91684100506496,4.09085704647795,-4.17543907185355,0.00037820843799635,0.00565943955852588,-0.00737289941420283,4.87501927582271,2.95817827075774,"9606.ENSP00000369146",1
"MT1X",4501,"metallothionein 1X",-1.46826292235968,6.4081568472913,-5.41563867074945,1.80230195052655e-05,0.000767701341735271,2.939283364674,7.00880986098389,5.54054693862422,"9606.ENSP00000377995",1
"MUC1",4582,"mucin 1, cell surface associated",-1.06153701478868,4.97983919292241,-3.78537823184317,0.000986648950658126,0.0107187637476055,-0.927841363028702,5.41410433533596,4.35256732054728,"9606.ENSP00000484824",1
"GADD45B",4616,"growth arrest and DNA damage inducible beta",1.0059956749267,6.19271937022526,6.88943315973386,5.69839023308351e-07,8.27241266675748e-05,6.28886553141559,5.78117568502797,6.78717135995467,"9606.ENSP00000215631",1
"NCF2",4688,"neutrophil cytosolic factor 2",1.10089753918824,5.77248340237995,4.23753874413293,0.000324488873564437,0.00508397566256249,0.140198323234817,5.32211622725749,6.42301376644574,"9606.ENSP00000356505",1
"NCF4",4689,"neutrophil cytosolic factor 4",1.03083199570579,5.99427560642793,6.30199349235243,2.19169486607904e-06,0.000185024707006781,4.98435558476556,5.57257160818465,6.60340360389044,"9606.ENSP00000380334",1
"GIMAP6",474344,"GTPase, IMAP family member 6",1.02919844307895,6.09413695840278,3.68185140582305,0.0012705087171997,0.0127434540193976,-1.16945979524307,5.67310123168866,6.70229967476761,"9606.ENSP00000479580",1
"NNAT",4826,"neuronatin",1.49515293780325,6.90608428264267,6.53762801209368,1.27024374177569e-06,0.000134398385512503,5.51303054923924,6.2944308080868,7.78958374589005,"9606.ENSP00000062104",0
"CCN3",4856,"cellular communication network factor 3",-1.56172101737305,4.17019085084585,-5.37193902269059,2.00352312794064e-05,0.000820068325155662,2.83652799095833,4.80907672158937,3.24735570421632,"9606.ENSP00000259526",1
"NRCAM",4897,"neuronal cell adhesion molecule",1.01999102820562,4.9025019999924,8.97592610015366,6.85897855725101e-09,6.25485744890793e-06,10.5267709724459,4.48523294299919,5.50522397120482,"9606.ENSP00000368314",1
"NTS",4922,"neurotensin",1.43298335030477,4.94346264570693,3.7920033833604,0.000970782549254628,0.0106146925150826,-0.912332261344337,4.35724218421861,5.79022553452338,"9606.ENSP00000256010",1
"PAEP",5047,"progestagen associated endometrial protein",-4.42746813899679,8.93928880722616,-5.60963594176896,1.12883252355821e-05,0.000553783916702492,3.39356601426659,10.7505257731794,6.3230576341826,"9606.ENSP00000417898",1
"SERPINB2",5055,"serpin family B member 2",1.77953906942732,8.66301136473674,3.43747465260581,0.00229781795791437,0.0190803646087308,-1.7333446986001,7.93501810906193,9.71455717848925,"9606.ENSP00000401645",1
"CNTN3",5067,"contactin 3",-1.19053475021886,2.92178238793892,-4.21719396772181,0.000341192996311549,0.00527703152539565,0.0918304839379029,3.40881933121027,2.21828458099141,"9606.ENSP00000263665",1
"PAPPA",5069,"pappalysin 1",1.71784023225618,9.05952053705921,4.91893405324643,6.05142976656198e-05,0.00168961821655487,1.76405938916707,8.35676771477259,10.0746079470288,"9606.ENSP00000330658",1
"PI15",51050,"peptidase inhibitor 15",-1.79080112234189,4.2048491964929,-3.9377047493701,0.000679117107032863,0.00825905864681443,-0.5700067303432,4.93744965563276,3.14664853329088,"9606.ENSP00000260113",1
"MRPS2",51116,"mitochondrial ribosomal protein S2",-1.26870340291821,6.35831611517958,-4.71348131746128,0.000100287304291313,0.00236544944382571,1.27465700767073,6.87733114364612,5.60862774072791,"9606.ENSP00000360850",1
"TLR7",51284,"toll like receptor 7",1.140529876867,4.61542784425532,5.69512757845453,9.19515404873132e-06,0.000489507713201426,3.5927036016871,4.14884744008245,5.28937731694946,"9606.ENSP00000370034",1
"NRN1",51299,"neuritin 1",1.33550722178557,5.22099654864504,4.97263915268462,5.30458420033964e-05,0.00153728680622109,1.89176600377881,4.67465268518731,6.01015990697287,"9606.ENSP00000480483",1
"MS4A4A",51338,"membrane spanning 4-domains A4A",1.62384536057947,7.01400004753589,4.83783494160209,7.38522282088836e-05,0.00193073547837444,1.57101404573906,6.34969967275338,7.97354503333285,"9606.ENSP00000338648",1
"DCDC2",51473,"doublecortin domain containing 2",-1.0865703171974,3.71694590527338,-3.2070292754019,0.00398816202782153,0.0274870215742646,-2.25451833819017,4.16145194412687,3.07488162692946,"9606.ENSP00000367715",0
"PDK4",5166,"pyruvate dehydrogenase kinase 4",1.55197882436933,6.42077375701191,8.42226878195735,2.09483258779941e-08,1.0610850765351e-05,9.46433974848937,5.78587332886082,7.33785215323016,"9606.ENSP00000005178",1
"TPPP3",51673,"tubulin polymerization promoting protein family member 3",1.22385261484255,5.96292301019155,10.4427484303945,4.29631394844756e-10,2.98408099489052e-06,13.1305128661701,5.46225603139233,6.68610864623487,"9606.ENSP00000462435",1
"ENPP2",5168,"ectonucleotide pyrophosphatase/phosphodiesterase 2",1.06564271857999,9.3974602275487,6.22846646571346,2.60188361387874e-06,0.000212567596374182,4.81797622884427,8.9615154790387,10.0271581976187,"9606.ENSP00000259486",1
"EMCN",51705,"endomucin",-1.2500181109667,3.50473855474425,-4.10085546496569,0.000454551793746816,0.00633402606128214,-0.184324422513519,4.01610960013972,2.76609148917302,"9606.ENSP00000296420",1
"PECAM1",5175,"platelet and endothelial cell adhesion molecule 1",1.46312825434276,8.16885445784087,8.72140240538823,1.14026625580431e-08,7.7009782029504e-06,10.0439155088043,7.5703019901552,9.03343024449796,"9606.ENSP00000457421",1
"HIGD1B",51751,"HIG1 hypoxia inducible domain family member 1B",1.68705281148876,5.44040123688261,8.96829705537907,6.96342665696083e-09,6.25485744890793e-06,10.5124346659672,4.7502432685463,6.43729608003507,"9606.ENSP00000253410",1
"PF4",5196,"platelet factor 4",1.97773741414907,6.42174176947013,5.88919972054623,5.78798272528193e-06,0.000364193534151979,4.04210980841446,5.61266737277278,7.59040478692185,"9606.ENSP00000296029",1
"PFKP",5214,"phosphofructokinase, platelet",-1.3374769214739,7.64182586313308,-6.0450646811392,4.00232045863031e-06,0.000282547089938358,4.40017368312196,8.18897551282694,6.85149859135305,"9606.ENSP00000370517",1
"PLA2G5",5322,"phospholipase A2 group V",1.36241975613779,5.13109877158542,7.6442322987522,1.07733155373722e-07,2.94970467706348e-05,7.89525501233245,4.5737452349836,5.93616499112139,"9606.ENSP00000364249",1
"PLAT",5327,"plasminogen activator, tissue type",-1.34124811367303,5.73857982619661,-2.92235990801735,0.00777601147265757,0.0431515302246551,-2.87981687535739,6.28727223633558,4.94602412266254,"9606.ENSP00000220809",1
"PLS1",5357,"plastin 1",-1.8142584908673,5.29812710291873,-6.49043949131831,1.41609936218089e-06,0.000144178840086166,5.40772186751032,6.04032375827353,4.22606526740623,"9606.ENSP00000336831",1
"CYTL1",54360,"cytokine like 1",1.48491358760322,5.38326049578384,5.02606104312766,4.65387409814631e-05,0.00143519243687279,2.01867825998186,4.77579584630979,6.26070943391301,"9606.ENSP00000303550",0
"EXOC6",54536,"exocyst complex component 6",1.19616952084491,6.3103182911645,8.58870459726785,1.49125130066755e-08,8.16601151427709e-06,9.78842980683411,5.82097621445521,7.01714573530013,"9606.ENSP00000260762",1
"PPBP",5473,"pro-platelet basic protein",2.00206972486328,6.20837897801681,5.62760495363284,1.08114322400201e-05,0.000538207441314614,3.43547796502307,5.38935045420911,7.39142017907239,"9606.ENSP00000296028",1
"GRAMD1C",54762,"GRAM domain containing 1C",-1.02706580793132,6.66162480334787,-3.13458547472934,0.00473419025093838,0.030941751185246,-2.41577924931599,7.08178808841068,6.05472228047936,"9606.ENSP00000350881",0
"TMEM100",55273,"transmembrane protein 100",2.14820809786968,5.90121953884788,6.71906792074599,8.38481415271784e-07,0.000104562798959974,5.91522968039645,5.02240713517392,7.1706152330436,"9606.ENSP00000465638",1
"TMEM176A",55365,"transmembrane protein 176A",1.05761195432558,6.86511941826185,4.43562584571488,0.000198999955979256,0.00374020232661939,0.611943486346911,6.43245998240139,7.49007193672696,"9606.ENSP00000417626",1
"SRGN",5552,"serglycin",1.0158826744463,8.64198109734382,3.44060433739889,0.00228055114896727,0.0190018916446006,-1.72618951936713,8.22639273052487,9.24227540497118,"9606.ENSP00000242465",1
"PRG2",5553,"proteoglycan 2, pro eosinophil major basic protein",1.343883111209,11.4673045052887,3.54922444718973,0.00175391655779001,0.0158930718561147,-1.47673444097976,10.9175341416123,12.2614172528213,"9606.ENSP00000312134",1
"NLRP2",55655,"NLR family pyrin domain containing 2",-1.22865953875835,7.98024147040976,-3.30858508016045,0.00313107598788861,0.0234901331873521,-2.02628758843058,8.48287491808363,7.25421537932529,"9606.ENSP00000445135",0
"PRKAR2B",5577,"protein kinase cAMP-dependent type II regulatory subunit beta",1.3431064586943,7.21441554051172,7.70425924636498,9.46735058565074e-08,2.62764370158726e-05,8.0194801262863,6.6649628983186,8.0080693570129,"9606.ENSP00000265717",1
"ST6GALNAC1",55808,"ST6 N-acetylgalactosaminide alpha-2,6-sialyltransferase 1",-1.10551704977416,4.53942725224394,-3.37796489768834,0.00265149758695124,0.0210649582859671,-1.86902883768981,4.99168422715155,3.88616717737739,"9606.ENSP00000156626",1
"PAG1",55824,"phosphoprotein membrane anchor with glycosphingolipid microdomains 1",1.12205441943196,6.81182361282598,5.14189184029377,3.50620072087465e-05,0.0012040530984007,2.29337183206165,6.35280135033109,7.47485576976305,"9606.ENSP00000220597",1
"MYO5C",55930,"myosin VC",-1.14115509612741,6.22019457227498,-3.65887741124093,0.00134366299567186,0.0132283556634147,-1.22287910938109,6.68703074796347,5.54587565183606,"9606.ENSP00000261839",1
"PRKX",5613,"protein kinase X-linked",-1.23108559610586,5.88217950012635,-5.42841989783263,1.74741577420544e-05,0.000756504081221719,2.96930914074525,6.38580542580602,5.15471982970016,"9606.ENSP00000262848",1
"LGMN",5641,"legumain",1.04283334278133,9.39543046334839,7.50661633541479,1.45144086877531e-07,3.60719336596053e-05,7.60847560095926,8.96881682311967,10.011650165901,"9606.ENSP00000376911",1
"RPRM",56475,"reprimo, TP53 dependent G2 arrest mediator homolog",-1.14643808499762,4.2440350873696,-4.98469766898446,5.1501028246135e-05,0.00151007573559326,1.92042399317408,4.71303248577772,3.56659440078009,"9606.ENSP00000314946",1
"MMP26",56547,"matrix metallopeptidase 26",-1.04085532744335,3.98467744684496,-3.39174272908157,0.00256516684133284,0.0205426266293457,-1.83767844216133,4.41048189898088,3.36962657153753,"9606.ENSP00000369753",0
"TMPRSS4",56649,"transmembrane serine protease 4",-1.2532233960936,4.70888776624708,-4.75572578237966,9.038060480173e-05,0.00220361183380006,1.37537078000652,5.22157006464901,3.96834666855541,"9606.ENSP00000477949",1
"TCEAL7",56849,"transcription elongation factor A like 7",-1.20643082186525,3.85070890847766,-4.05421334630812,0.000509895002895183,0.00682154237503441,-0.294798327732689,4.34424879014981,3.13781796828457,"9606.ENSP00000329794",1
"TCIM",56892,"transcriptional and immune response regulator",1.31820585064429,6.23642883333721,6.90166135262434,5.54337621932396e-07,8.25840776321491e-05,6.31553134030902,5.69716280352818,7.01536865417248,"9606.ENSP00000319914",0
"SEMA3G",56920,"semaphorin 3G",1.06914719999922,5.96479573585198,5.54870380816058,1.307056084708e-05,0.000624581682364832,3.25122819513206,5.5274173358523,6.59656453585152,"9606.ENSP00000231721",1
"ADGRG6",57211,"adhesion G protein-coupled receptor G6",1.04440204822026,7.8611675583659,2.87845972165459,0.00860570608468148,0.046273941343347,-2.97408612732079,7.43391217500306,8.47831422322333,"9606.ENSP00000356581",1
"CLTRN",57393,"collectrin, amino acid transport regulator",-1.07410727255819,3.67919320742556,-3.53387984952164,0.00182035542305573,0.0163166098058766,-1.51210218406888,4.11860072801755,3.04449345545936,"9606.ENSP00000369699",1
"TMIGD3",57413,"transmembrane and immunoglobulin domain containing 3",1.46132601880867,5.81218894957271,5.08429979681599,4.03586361895748e-05,0.00130833012453916,2.15687975282322,5.21437376006007,6.67569977886874,"9606.ENSP00000358730",1
"KIAA1324",57535,"KIAA1324",-1.08449885267901,3.95310565275539,-4.27715801709023,0.000294264624292738,0.00476586375123514,0.234443090912817,4.39676427430589,3.31226542162688,"9606.ENSP00000358955",1
"CADM3",57863,"cell adhesion molecule 3",1.17763608372563,5.56229002804134,7.93902402216955,5.737862071674e-08,1.89060060569411e-05,8.50024945532527,5.08052981197176,6.25816589569739,"9606.ENSP00000357106",1
"PTPRR",5801,"protein tyrosine phosphatase receptor type R",-1.82785473951363,3.95010962004629,-3.64728441559413,0.00138213487571549,0.013473922973773,-1.24980596295408,4.69786837712005,2.87001363760642,"9606.ENSP00000283228",1
"MS4A7",58475,"membrane spanning 4-domains A7",1.06122122548504,6.21476193940271,3.90812176668727,0.000730296658356846,0.00868851473574166,-0.639692162727503,5.78062598352246,6.8418472090075,"9606.ENSP00000300184",1
"JAM2",58494,"junctional adhesion molecule 2",1.55642659149866,6.81754763837243,8.80135379725806,9.71114884222821e-09,7.28653501234158e-06,10.1966059007482,6.18082766912298,7.73725426062164,"9606.ENSP00000383376",1
"BCL2A1",597,"BCL2 related protein A1",1.04324829415192,4.20610284954283,4.45141636781605,0.000191392703953024,0.00364113387304434,0.649593473319148,3.77931945648069,4.8225677506326,"9606.ENSP00000267953",1
"REN",5972,"renin",-1.24395913016509,6.52132712239027,-5.55653808572367,1.28262685073524e-05,0.000617275596739827,3.26954752193758,7.03021949382144,5.78626036365636,"9606.ENSP00000272190",1
"RNASE1",6035,"ribonuclease A family member 1, pancreatic",1.39776435016571,9.65727036032635,4.87672420654517,6.71219912556115e-05,0.00181812655725928,1.66361173528717,9.0854576716222,10.4832220217879,"9606.ENSP00000381057",1
"RNASE4",6038,"ribonuclease A family member 4",-1.04855004469491,5.13226662349354,-3.03453691915013,0.00598915798717326,0.0362986329578574,-2.63617794625267,5.56121891450509,4.51266886981018,"9606.ENSP00000477037",1
"RNASE4",6038,"ribonuclease A family member 4",-1.04855004469491,5.13226662349354,-3.03453691915013,0.00598915798717326,0.0362986329578574,-2.63617794625267,5.56121891450509,4.51266886981018,"9606.ENSP00000336762",1
"RNASE4",6038,"ribonuclease A family member 4",-1.04855004469491,5.13226662349354,-3.03453691915013,0.00598915798717326,0.0362986329578574,-2.63617794625267,5.56121891450509,4.51266886981018,"9606.ENSP00000452245",1
"RNASE6",6039,"ribonuclease A family member k6",1.12942876423924,5.74863504649907,4.39236572868798,0.000221427299958118,0.00398785646617904,0.508821482822697,5.28659600658302,6.41602477082226,"9606.ENSP00000302046",1
"PAPPA2",60676,"pappalysin 2",1.22077369707895,8.12100285261169,2.92414711847285,0.00774390745256307,0.0430790397365295,-2.87596584821365,7.62159543107939,8.84236912815834,"9606.ENSP00000356634",0
"BDKRB2",624,"bradykinin receptor B2",-1.31152802012311,5.24794969432968,-4.29514432838829,0.00028148711508885,0.00464430817493093,0.277249610613073,5.78448388438004,4.47295586425693,"9606.ENSP00000450482",1
"S100A1",6271,"S100 calcium binding protein A1",-1.01621015169034,5.28611474587334,-3.65055525573593,0.00137117208371949,0.013401503901708,-1.24221085509426,5.70183708065576,4.68562692896541,"9606.ENSP00000292169",1
"S100A8",6279,"S100 calcium binding protein A8",1.86802697480907,7.26656730465469,3.85093325847426,0.000840298451141806,0.00960253069294085,-0.774153476518653,6.50237445132371,8.37040142613278,"9606.ENSP00000357722",1
"S100A9",6280,"S100 calcium binding protein A9",1.69108368483619,8.90571561293697,6.73832903948507,8.02506602946887e-07,0.000104361933518491,5.95766919970559,8.21390865095853,9.90499233579472,"9606.ENSP00000357727",1
"CFB",629,"complement factor B",1.03827081405596,5.42461747887115,2.97141190862044,0.00693946190164158,0.0400571047262564,-2.77375450833899,4.99987032766644,6.0381411417224,"9606.ENSP00000416561",1
"ACSM3",6296,"acyl-CoA synthetase medium chain family member 3",-1.4146074698543,4.68775176102455,-4.34515008046752,0.000248800495939479,0.00427198885443202,0.396322188010655,5.26645481687404,3.85184734701973,"9606.ENSP00000289416",1
"SCN7A",6332,"sodium voltage-gated channel alpha subunit 7",1.314401991116,4.27147210000913,6.73446521228266,8.09594258861362e-07,0.000104361933518491,5.94915972521861,3.73376219455259,5.04816418566859,"9606.ENSP00000386796",1
"CCL2",6347,"C-C motif chemokine ligand 2",1.6478641815505,6.20885176853403,5.84175574042569,6.47915583036076e-06,0.000387239458049968,3.93259959321298,5.53472551244519,7.18258969399569,"9606.ENSP00000225831",1
"CCL8",6355,"C-C motif chemokine ligand 8",1.14107919225672,4.53220673289094,5.20108770179206,3.03484281632661e-05,0.00109410943597141,2.43346651514496,4.06540160878592,5.20648080104264,"9606.ENSP00000378118",1
"CCL13",6357,"C-C motif chemokine ligand 13",1.51954924539364,5.1672873128511,6.42972045698577,1.62933259152213e-06,0.000158659666560036,5.27179761441118,4.54565353064462,6.06520277603826,"9606.ENSP00000225844",1
"CCL21",6366,"C-C motif chemokine ligand 21",-1.24261857090765,5.03406260898228,-3.73622777223011,0.00111262363908339,0.0116621146153484,-1.04272860445295,5.54240656980814,4.29978799890049,"9606.ENSP00000259607",1
"CXCL12",6387,"C-X-C motif chemokine ligand 12",-1.16768712317575,4.44473483552095,-4.69038009048065,0.000106159427976187,0.00243589600252041,1.21956973801616,4.92242502227466,3.75473789909891,"9606.ENSP00000379140",1
"FAM110C",642273,"family with sequence similarity 110 member C",-1.22937581242896,3.42385022911679,-3.38537364985057,0.00260472886297286,0.0207937003517309,-1.85217564010972,3.92677669783772,2.69740088540877,"9606.ENSP00000328347",0
"SFRP2",6423,"secreted frizzled related protein 2",-1.33489476844004,3.83406791073054,-4.31251270449509,0.000269674624290441,0.00451986684035445,0.318597040112391,4.38016122509238,3.04526645665234,"9606.ENSP00000274063",1
"MS4A6A",64231,"membrane spanning 4-domains A6A",1.20958608249084,7.10156365079562,4.90710021296999,6.22977180270866e-05,0.00172198371752633,1.73590450461776,6.60673298068574,7.81631906317657,"9606.ENSP00000392770",1
"ALDH8A1",64577,"aldehyde dehydrogenase 8 family member A1",-1.69713770303209,3.77449862184625,-3.91001818316958,0.000726904181929113,0.00866851420251075,-0.635227548169753,4.46878222763211,2.77164452460002,"9606.ENSP00000265605",1
"DEPTOR",64798,"DEP domain containing MTOR interacting protein",-1.58310853951401,6.55394224314484,-4.24588585814191,0.000317873737207505,0.00502070102757961,0.160048407113439,7.2015775547642,5.6184690152502,"9606.ENSP00000286234",1
"SLC1A1",6505,"solute carrier family 1 member 1",-2.18755027298438,5.52273321723952,-4.39559973772376,0.000219666569131977,0.00397968306095083,0.516529183322296,6.41764014709676,4.23008987411238,"9606.ENSP00000262352",1
"SLC3A1",6519,"solute carrier family 3 member 1",-2.1010178606045,4.35316149523711,-4.48550715043811,0.000175947401394714,0.00341790057493604,0.730890584191898,5.21266880184804,3.11165094124354,"9606.ENSP00000260649",1
"BMP5",653,"bone morphogenetic protein 5",1.96225487335644,7.16258944052154,7.83048813236069,7.22597053330367e-08,2.10793852556997e-05,8.27898736423226,6.35984881051209,8.32210368386853,"9606.ENSP00000359866",1
"MZT2A",653784,"mitotic spindle organizing protein 2A",-1.07080945505646,7.22031751063177,-8.9468799687437,7.26551502183489e-09,6.25485744890793e-06,10.4721431976315,7.65837592406396,6.5875664690075,"9606.ENSP00000311500",1
"SLC15A1",6564,"solute carrier family 15 member 1",-1.93304292730588,4.50783328709479,-4.46719113785836,0.000184083776196033,0.00352525651182213,0.687209926106661,5.29862357553811,3.36558064823223,"9606.ENSP00000365686",1
"SLPI",6590,"secretory leukocyte peptidase inhibitor",-2.18742357566532,7.3031750169369,-4.64142747869841,0.000119770331431307,0.00264342776157921,1.10281593981904,8.19803011607272,6.0106065404074,"9606.ENSP00000342082",1
"BPGM",669,"bisphosphoglycerate mutase",1.1083758838974,8.41181141813622,3.00916585140751,0.00635503778936547,0.0377580689978711,-2.69161550351379,7.9583849201782,9.0667608040756,"9606.ENSP00000376840",1
"BST2",684,"bone marrow stromal cell antigen 2",1.00544983026616,6.90358503296592,7.57954887998919,1.23896152834341e-07,3.26007786048907e-05,7.7608041802067,6.49226464785703,7.4977144781232,"9606.ENSP00000252593",1
"TAC3",6866,"tachykinin precursor 3",1.22323109700249,7.34849065866297,3.59333953488398,0.00157587227958614,0.0147610115174073,-1.3748340252345,6.84807793716195,8.07130903416444,"9606.ENSP00000483110",1
"HNF1B",6928,"HNF1 homeobox B",-1.00600851417166,6.31284664404308,-5.33772144152442,2.17687897296417e-05,0.00086716217996812,2.7559681612355,6.72439558165876,5.7183870674871,"9606.ENSP00000480291",1
"TCF21",6943,"transcription factor 21",1.74533229149878,7.49875116613778,7.14100409716844,3.24359346957452e-07,5.81579179531411e-05,6.83327654929682,6.78475159234282,8.5300838838416,"9606.ENSP00000356857",1
"THBS2",7058,"thrombospondin 2",-1.54101549365777,5.20547043749731,-3.33054271397297,0.0029708272902089,0.0227053684371643,-1.9766301233647,5.83588586672094,4.29487037306317,"9606.ENSP00000355751",1
"TCHH",7062,"trichohyalin",1.41992368987842,5.39583582025549,3.09677508967163,0.0051753818316939,0.0326763512907292,-2.49939843018422,4.81495794712341,6.23488163700183,"9606.ENSP00000480484",0
"TSPAN8",7103,"tetraspanin 8",-3.12914197345525,4.8639414875699,-4.75881515556089,8.96959780044277e-05,0.00219219566990073,1.3827347429665,6.14404502216523,3.01490304870998,"9606.ENSP00000377003",1
"C1QA",712,"complement C1q A chain",1.32623066191136,7.5859448783476,5.20802799730106,2.98395286397436e-05,0.00108467956612463,2.44987766397559,7.04339597120205,8.36962663311341,"9606.ENSP00000363773",1
"CLEC3B",7123,"C-type lectin domain family 3 member B",1.42414733619701,7.09182103157348,3.15964048231783,0.0044620768262524,0.0296608066196522,-2.36015921421105,6.50921530312924,7.93336263932626,"9606.ENSP00000296130",1
"C1QB",713,"complement C1q B chain",1.36945883036352,6.87439256108615,4.4552431526861,0.000189593370341591,0.00361709159744912,0.658718459122077,6.31415940321016,7.68361823357368,"9606.ENSP00000313967",1
"C1QC",714,"complement C1q C chain",1.12510958060692,7.74756642288509,3.72505176448288,0.00114341058155535,0.0118666853034522,-1.06880853817221,7.28729432172772,8.41240390233464,"9606.ENSP00000363770",1
"C3AR1",719,"complement C3a receptor 1",1.18638186885256,7.02667885059458,4.75914185626002,8.96238846024359e-05,0.00219219566990073,1.38351346937707,6.54134081333672,7.72772268218928,"9606.ENSP00000302079",1
"C4BPA",722,"complement component 4 binding protein alpha",-2.20384637971931,5.56998539613582,-4.85828020333753,7.02332372692871e-05,0.00186956646471141,1.61970129350645,6.4715589151119,4.26771253539259,"9606.ENSP00000356037",1
"C7",730,"complement C7",2.05943694588193,6.75106074701305,8.54124263389474,1.64240121238941e-08,8.75702393795311e-06,9.69642441374521,5.9085638146068,7.96800076048873,"9606.ENSP00000322061",1
"CORO2A",7464,"coronin 2A",-1.18688567092207,4.84012764605712,-8.93701794736738,7.40913966604759e-09,6.25485744890793e-06,10.4535676674274,5.3256717841616,4.13878611323953,"9606.ENSP00000343746",1
"SEMA3B",7869,"semaphorin 3B",1.37082670818987,6.96261384949656,4.01256203068606,0.000564946909907649,0.0073046517815181,-0.393314370052162,6.40182110523707,7.77264781342694,"9606.ENSP00000484146",1
"COLEC11",78989,"collectin subfamily member 11",-1.08917793017685,6.71600313066049,-7.99621308941206,5.08460239771285e-08,1.80735314350983e-05,8.61613829268472,7.16157592027829,6.07239799010144,"9606.ENSP00000411770",1
"PPDPF",79144,"pancreatic progenitor cell differentiation and proliferation factor",-1.0303889007421,6.34240875870775,-9.89222570109777,1.17825615513174e-09,2.98408099489052e-06,12.1882773827055,6.76393149082952,5.73354259008742,"9606.ENSP00000359198",0
"IRX3",79191,"iroquois homeobox 3",-2.35102946596396,6.42444962516118,-4.00554517323806,0.000574785366733778,0.00737538082038827,-0.409897425169408,7.38623440669189,5.03520494072793,"9606.ENSP00000331608",1
"LST1",7940,"leukocyte specific transcript 1",1.04413032550062,6.1584137019515,5.46191280528512,1.61149272837328e-05,0.000716018731788839,3.04792925214018,5.73126947788306,6.77539980338368,"9606.ENSP00000365261",1
"RNF128",79589,"ring finger protein 128",1.27140045439804,6.55948337059338,3.16672360142175,0.00438793086541421,0.029370033642143,-2.34440561087024,6.03936500288509,7.31076545728313,"9606.ENSP00000255499",1
"NDNF",79625,"neuron derived neurotrophic factor",1.50898527597112,6.38522462951753,7.20148204449758,2.83615020180069e-07,5.3703961905312e-05,6.96282728952889,5.76791247116571,7.27689774713683,"9606.ENSP00000369014",0
"ANKRD55",79722,"ankyrin repeat domain 55",-1.30328825509233,3.94805985487854,-4.10753156026499,0.000447134959416708,0.00627817145720161,-0.168499463257263,4.48122323196177,3.17793497686944,"9606.ENSP00000342295",1
"TFPI2",7980,"tissue factor pathway inhibitor 2",1.46354021466605,11.103247818906,2.93723180127885,0.00751269470955089,0.0422936114226759,-2.84774030066899,10.5045268219972,11.9680670366632,"9606.ENSP00000222543",1
"MMRN2",79812,"multimerin 2",1.02645892368652,4.52488843987816,6.81071545387454,6.80859841807293e-07,9.25832298983729e-05,6.11671638951752,4.10497342564276,5.13143234932928,"9606.ENSP00000361097",1
"ATP8B4",79895,"ATPase phospholipid transporting 8B4 (putative)",1.22959816076034,5.50718144144862,6.07699506120125,3.71220900299412e-06,0.000269580883905605,4.47319337913905,5.00416401204666,6.233762172807,"9606.ENSP00000284509",1
"SVEP1",79987,"sushi, von Willebrand factor type A, EGF and pentraxin domain containing 1",1.09071680940274,5.2392833741012,9.79753198638432,1.40668369354655e-09,3.16675759054964e-06,12.0220396203367,4.7930810429819,5.88379785238463,"9606.ENSP00000384917",1
"SLC19A3",80704,"solute carrier family 19 member 3",1.23732941464404,6.49389344705881,4.34165249953219,0.000250957933933687,0.00430174170848598,0.387991137891061,5.98771323197715,7.2250426466212,"9606.ENSP00000258403",1
"NPL",80896,"N-acetylneuraminate pyruvate lyase",1.0424797553813,7.70401829646493,3.55086150870704,0.00174697032320257,0.0158487354629355,-1.47295881108935,7.27754930562712,8.32002906100842,"9606.ENSP00000258317",1
"APOLD1",81575,"apolipoprotein L domain containing 1",1.33637899027624,6.12345265254796,5.03040583070254,4.60463553498658e-05,0.00142870628750939,2.02899426022254,5.57675215652586,6.9131311468021,"9606.ENSP00000324277",0
"PLVAP",83483,"plasmalemma vesicle associated protein",1.12075298294268,5.59931853293423,6.21063875281308,2.71265498477365e-06,0.000216382293883854,4.77753683457454,5.14082867627586,6.26158165921854,"9606.ENSP00000252590",1
"SOX7",83595,"SRY-box transcription factor 7",1.13091143674398,5.21588581043563,6.5305847001703,1.29099793766938e-06,0.000135528027021344,5.49733054077727,4.75324022267673,5.88415165942071,"9606.ENSP00000301921",1
"JAM3",83700,"junctional adhesion molecule 3",1.09045794044407,5.81842958002352,7.39688822103303,1.84417363356799e-07,4.1967325799469e-05,7.37784068702997,5.37233314984186,6.46279109028593,"9606.ENSP00000299106",1
"NME5",8382,"NME/NM23 family member 5",-1.07632308482419,3.84062771714197,-3.83269499104091,0.000878712175739148,0.00988057246513488,-0.816961148811836,4.28094170638823,3.20461862156403,"9606.ENSP00000265191",0
"FGFBP2",83888,"fibroblast growth factor binding protein 2",-1.06578132687468,3.20658337709573,-3.09130675122045,0.00524238259080686,0.0329863085938937,-2.51145966349994,3.64258482899901,2.57680350212433,"9606.ENSP00000259989",0
"SORBS2",8470,"sorbin and SH3 domain containing 2",1.10539695309476,5.11512921463862,9.39195416319281,3.0425552394227e-09,4.93618687516776e-06,11.2958846571343,4.66292137019076,5.76831832328552,"9606.ENSP00000347852",1
"COX4I2",84701,"cytochrome c oxidase subunit 4I2",1.44406122000101,6.509309192863,8.75044825104228,1.07554803551091e-08,7.51437198189189e-06,10.0994947882606,5.91855687558985,7.36261809559087,"9606.ENSP00000365243",1
"CILP",8483,"cartilage intermediate layer protein",-1.37136951877432,5.40505002547646,-4.38639211263851,0.000224716791307122,0.00402562945063979,0.494585068111292,5.96606482861141,4.59469530983709,"9606.ENSP00000261883",1
"MAEL",84944,"maelstrom spermatogenic transposon silencer",1.14882883961619,4.97775225242151,6.26816336725325,2.37152307995846e-06,0.000196923889848518,4.90788515193354,4.50777681803307,5.65660565764925,"9606.ENSP00000356846",0
"INPP4B",8821,"inositol polyphosphate-4-phosphatase type II B",-1.01177783705021,4.41673747301793,-3.52153564061991,0.00187558746244527,0.0166176133522868,-1.54052485435944,4.83064658817483,3.81886875112463,"9606.ENSP00000425487",0
"CCK",885,"cholecystokinin",1.19300694756495,5.50415239290059,2.9481067303991,0.00732556789234748,0.0415718461717954,-2.82424021219789,5.01610409616947,6.20911104373443,"9606.ENSP00000379472",1
"ENDOU",8909,"endonuclease, poly(U) specific",1.39821249946301,5.521817229669,4.02130257807683,0.000552925127480061,0.00723228922393383,-0.372652073899176,4.9498212071614,6.34803370662441,"9606.ENSP00000397679",0
"GLB1L2",89944,"galactosidase beta 1 like 2",-1.00090944894287,5.46136446894305,-2.93300120728882,0.00758671949394819,0.0425281870419199,-2.85687226438206,5.87082742532877,4.8699179763859,"9606.ENSP00000444628",1
"SEMA5A",9037,"semaphorin 5A",-1.08561194881378,6.76246767165574,-5.79903987308471,7.1732146343741e-06,0.000420047692794953,3.83380330662144,7.20658165071592,6.12096970190214,"9606.ENSP00000371936",1
"CLDN10",9071,"claudin 10",-1.6175868047154,6.15749363654286,-4.56128272296913,0.000145942220892897,0.00301420523701425,0.911635941677302,6.81923369301734,5.20164688830194,"9606.ENSP00000299339",1
"IL33",90865,"interleukin 33",1.13411426877689,5.06207479464921,4.05440749665198,0.00050965129086603,0.00682154237503441,-0.294338799555698,4.5981189574223,5.73223322619919,"9606.ENSP00000370842",1
"ESAM",90952,"endothelial cell adhesion molecule",1.11586423218897,7.10923136651807,7.17185422200996,3.02874439399627e-07,5.62985230887692e-05,6.89942591684784,6.65274145334985,7.76860568553882,"9606.ENSP00000278927",1
"SLC16A6",9120,"solute carrier family 16 member 6",-1.90325881250381,4.17402355851296,-4.61571049950985,0.000127609767155265,0.0027563981794593,1.04147203739158,4.95262943635542,3.04937062385161,"9606.ENSP00000319991",0
"SLC16A4",9122,"solute carrier family 16 member 4",1.08193789391572,7.82289278382628,4.41574244261434,0.000209010991712728,0.00386384279479159,0.564541210571104,7.38028182722439,8.46221972114011,"9606.ENSP00000358794",0
"TIMD4",91937,"T cell immunoglobulin and mucin domain containing 4",1.33260054318015,4.63745404688053,5.10903318664945,3.79913942030605e-05,0.00125775104239903,2.21551970010877,4.09229927921592,5.42489982239608,"9606.ENSP00000274532",1
"DNER",92737,"delta/notch like EGF repeat containing",-2.48735313722672,4.56580726034972,-3.66056648584391,0.00133814634424151,0.0132061291186933,-1.21895426987374,5.58336081648792,3.09600767926121,"9606.ENSP00000345229",1
"DMKN",93099,"dermokine",-1.58374710461541,4.55785908155194,-3.28187304538089,0.00333737544344164,0.0244576128806855,-2.08655189605426,5.20575562434915,3.62200851973374,"9606.ENSP00000342012",0
"CD163",9332,"CD163 molecule",1.29354626215105,7.48681570690241,4.52397759028752,0.00016001206813936,0.00319724310904494,0.822648096415396,6.95763769056789,8.25118395271894,"9606.ENSP00000352071",1
"KL",9365,"klotho",1.57466646711049,5.41405341821905,5.49518982844394,1.48706064952049e-05,0.000678588644593122,3.12595211227021,4.76987168167385,6.34453814878434,"9606.ENSP00000369442",1
"LIPG",9388,"lipase G, endothelial type",1.38516696901268,8.45844998565614,3.91135146441016,0.000724528437416178,0.00866851420251075,-0.632088473641679,7.89179077106004,9.27695774007272,"9606.ENSP00000261292",1
"TTYH2",94015,"tweety family member 2",1.03606489351152,5.46186315232522,6.83288971039579,6.47509887668668e-07,8.98575194113348e-05,6.16529534738,5.03801842316142,6.07408331667294,"9606.ENSP00000269346",1
"CD36",948,"CD36 molecule",1.7206935070625,7.89872794582051,4.39029723392635,0.000222560870706519,0.00399407068324604,0.503891715337319,7.19480787474948,8.91550138181199,"9606.ENSP00000399421",1
"SCARB1",949,"scavenger receptor class B member 1",1.11210419359924,6.93963364525459,6.50602141804744,1.36613212000377e-06,0.000139793953956547,5.44252716421176,6.48468192969126,7.59678612329051,"9606.ENSP00000261693",0
"HEPH",9843,"hephaestin",-1.6478369746004,4.04670399317284,-3.75216014276303,0.00107014219247637,0.0113757350271584,-1.00552104068254,4.72081911914574,3.07298214454533,"9606.ENSP00000430620",1
"ATP2C2",9914,"ATPase secretory pathway Ca2+ transporting 2",-1.44075217358668,5.29319438526834,-4.82023113400769,7.71184564622376e-05,0.0019778443625081,1.52908354939363,5.88259300173562,4.44184082814894,"9606.ENSP00000397925",1
